text_for_sentiment,sentiment_label,sentimiento_real
"The game froze on me and kicked me out at the start of a comp match. I had to restart the game to find out I've been suspended for 10mins and have a loss on my 4th placement match. Can this be undone, or am I screwed? Sorry if this is wrong way to do this, don't know how else. Am on Xbox.",negative,
"To sum up the current meta, no mercy == no win.",negative,
"Does anyone else think that Symmetra's beam looks kinda... bleh? Just a bright blue line?

It needs some [zazz](https://www.youtube.com/watch?v=ecns_W9q_s0).",negative,
"people using heros together to compliment each other kits for unique and effective results? better nerf that!

just like everything else the orb can be countered. plenty of other things do obnoxious chip damage and can feel unfair if you lose your last 30hp to someone just spamming. ",negative,
"Fucking around is fine, but ruining other people's fun by being toxic isn't.

If you keep it up, your alt accounts won't save you. Blizzard has, and will ban across all and future accounts, as they already have done.",negative,
It's usually that one Pharah that ruins everything with her ult. :(,negative,
Does it randomly drop a ton of frames from time to time? I have a 970 and no degree of reduced settings has made a difference. The FPS counter will still say it's doing 80+ fps too.,negative,
"Freaky, how did you get that to happen? ",negative,
"As a support main, this pleases my eyes in an almost sexual way, because I hate Genju but love seeing he dying. 
But as a person with a empathic heart, I pitty him. With Mei's reccent buffs, she became an evil force bigger than she already was before. I'm scared of her.
",negative,
If i saw him on my team I would immediately report him fro one tricking too,negative,
I did so poorly in FFA Deathmatch that I was in 9th place out of 8 players.,negative,
"Why the fuck are Dallas not playing Taimou or Harry?! Some of the best hitscans on the team, best roadhog on the team. This is just bizarre.",negative,
"I heavily disagree.
The game is made for everyone to enjoy. Excluding bronze player's opinion is like saying ""people who are 18-25 have votes that don't count as much because they're less mature, while people who're 40-50 have votes that count for more since they have a lot of experience"" ",negative,
Useless information of the day: You can cancel Sombra throwing translocator animation with reloading while being invisible,negative,
CRAZY WIDOWMAKER TRICKSHOT 😱 [Overwatch 1v1],negative,
McCree is not a sniper and isn't supposed to be. If you feel he's outshined by hanzo or widow then you're playing him wrong.,negative,
"&gt; but I think people would prefer a role queue more then anything else

You mean one of the stupidest ideas ever mentioned here, that's been repeatedly put down each and every time?

No, ""people"" would not prefer that. The only people who would like that are those who don't actually want to play Overwatch. They want to play one of the many already existing 'classic' team shooters with Overwatch skins, no hero switching and no need to learn to be flexible.

As for a game mode filter, it's also already been covered many times, and no, it's not in the cards for QP (and even less for ranked, obviously).",negative,
It's a trend on this subreddit to mass upvote shit plays.,negative,
"It’s also bullshit that they want to balance the system to push smurfs to the correct rank, and yet they still allow people to smurf. They’re putting all these development resources towards putting smurfs in the right rank instead of just banning the smurfs.",negative,
Mei with throwing stars; this seems like a terrible thing. ,negative,
"Mercy: Can't live with her, can't live without her. Suggestions to bring her down a little. [deleted]",negative,
"**Your submission has been removed.**



- Your submission falls under the category of low-effort content and does not contribute to meaningful discussion on this subreddit. This includes, but is not limited to, memes, image macros, non-constructive rant/vent threads or one liners/pun threads. Examples of prohibited content may be found [here](https://www.reddit.com/r/Overwatch/wiki/rules_examples#wiki_low-effort_content).



&gt; *For more information, please consult [our rules](https://www.reddit.com/r/Overwatch/wiki/rules).*


---

^(If you have any questions or concerns,) [^(message us here)](https://www\.reddit\.com/message/compose?to=%2Fr%2FOverwatch&amp;subject=Removal Issue - submission https://www.reddit.com/r/Overwatch/comments/8agcre/will_blizzard_turn_sjw_do_we_want_this/: &amp;message=https://www.reddit.com/r/Overwatch/comments/8agcre/will_blizzard_turn_sjw_do_we_want_this/. %0D%0D)^.",negative,
"Thought I was going to main road hog, ended up maiming mccree ",negative,
"I used to get excited about opening loot boxes.

Now, it’s all crap. 8374742 sprays, icons and voices.

Yawn.

Doesn’t mean I quit playing - the boxes are a perk, after all.

But my care stick is pretty teensie about them now.",negative,
I can't decide between delicious and diabetes.,negative,
"And they say playing tracer is easy uh.. :(

Taking a staff to the dome trying to fight 1v6 tho : Deserved.",negative,
That display was seoulless and should be outlawed. ,negative,
"&gt; Ps. I don’t understand how you stay alive at all.

There's only really four things you gotta do to survive as Tracer:

1) Increase your sensitivity. Being able to blink through someone and turn around faster than they can even realize you blinked is super useful.

2) Don't blink as much as you think you should -- pay close attention to the opponent's character model and only blink when they're facing directly at you.

3) Use Recall. A lot. I was hesitant to use it at first since it's a good emergency cooldown, but using it even when not in emergencies makes you much harder to kill. If it's a 1v1 situation, you can even use it at full health just to teleport behind your opponent ~~nothing personal, kid~~ without using blinks.

4) Don't worry if you can't confirm a kill; if the target isn't dying, disengage and find a new one. I can't remember where I got this tip from, but it's really good: think of playing Tracer like playing Jenga, with the opponents being the blocks. Poke around at them from different angles, see what happens, and either remove a block or get out of there and find another block to poke at.

Oh, and also, caffeine. All of it. If your head isn't vibrating, you aren't caffeinated enough.",negative,
Or maybe not every game has to be toxic,negative,
Can we stop upvoting this turd. He just wants attention and Reddit keeps giving it to him.,negative,
"Ana is good in concept,but in execution .....yeah. Doesn’t exactly work out. ",negative,
"&gt;Funny how this works as a justification for nerfing hack in your mind but not as a justification for NOT nerfing hack.    

**SERIOUSLY**. Apparently people having better positioning/awareness in order to not get hacked is too much to ask, but sombra players just need flawless execution and everything will be fine.",negative,
"Idk I'm not that good at Hog tbh. You like 1 shot Widow most of the time and if not, seriously bring her down to like literally 5-10 HP. It's very reasonable to assume she'll die if you hook down from a place. 

&gt;I'm still pretty sure widow is one of the hardest squishy heroes to oneshot.

I'd give that to Tracer just because of how fucky her hitbox is. ",negative,
"I have no idea how it is on PC, but if someone is actually a good widow on console then it's a terrifying site. I've seen plenty of people pick widow but only a few that were actually good with her.",negative,
"The exact reason I wanna pick zen facing a Genji. But again, he makes my life miserable.",negative,
*Especially a charity that's not complete garbage.,negative,
"And you just assuming the rest of the picture is smart, huh?",negative,
they flamed me in chat but i know it was really themselves they were mad at for walking right into that one,negative,
"genji needs healing, pls do ur job and heal ffs

/s",negative,
"I just asked Wraxu on stream “What would it take for you to join OWL?” And he said, “Nothing, I don’t want to join OWL, it’s just not me.”",negative,
Didn't your mommy tell you not to play in traffic Winston? ,negative,
It's cool but orisa is already slow and adding more time to setup isn't very advantageous,negative,
"Fuck it dude, just become a Brigitte main like I have.",negative,
"Neither Rein nor Winston are considered anywhere near the level of mechanical skill as Orisa, yet not one moment in the time since she was introduced to the game has Orisa ever been the meta, and no one seemed to care there.",negative,
"Unless you're a bogan or a pollie, inherent racism doesnt apply to you. ",negative,
"So vodka drinking, chain smoking, squatting maniac that kills indiscriminately for no reason ",negative,
"Ah, I apologise if this has been a repost. Took a break from Overwatch a while back and hadn't really caught up with what announcements I missed.",negative,
Blizzard has heard enough of you people complaining about us throwing as Symmetra so they made her literally throw her turrets.,negative,
"Not really, no. But there are limits, aren't there? I can handle toxicity, almost 50% of QP matches bring toxicity to the chat in the aftermath, but this not a simple insult. You can call me names all you want online but this is sexist af.",negative,
I mean besides completely removing his hammer what do you do? Just leave the completely useless hammer alone and never used?,negative,
"Hey I pistol whipped an ulting pharah last week, why not karate kick this spazzing edgelord? ",negative,
The slow balance of life is outweighed by our own awful design decisions,negative,
"Seems unoriginal and makes naming a character ""Doomfist"" seem like a work of genius.",negative,
"Have you experienced this in the LFG tool? It hasn't happened to me yet there. But maybe I just am lucky so far.  
  
It really is shitty honestly. I'm sorry you had to go through that.",negative,
saying thanks is toxic man I have to get with the times let me guess i'm going to get reported for being toxic because I'm not up to date on whats toxic or not,negative,
Even reinhardt is angry it's not working,negative,
its not a theory people suck at videogames blizzards target demographic is snowflakes and retards there are more people in lower ranks than in higher ranks meaning more retards than good people more retards more money but how do you keep the retards? you make brain dead characters and you put enough in each category,negative,
"Indeed. Diamond Rein here, and I agree with this completely. I often question myself if it was my fault for not doing a better job. I love it when DPS are blaming tanks for not absorbing the damage and blaming everything on the tanks. Symmetra and Torb on enemy team? Let's go Genji and try to backline with no cover and get killed in seconds every time, then yell at my tanks. I usually just say stick with your tank so I can provide cover, and when the time is right go and get some kills. I preach patience almost every damn game. I dropped down to Plat recently and hate tanking down there. Everybody thinks they are awesome DPS and can solo carry the team....",negative,
"Blizzard world is just a poor map that they haven't really innovated to make.

it'll play the exact same as Route 66, *exact*.",negative,
"Oh believe me, I've soft thrown before and not realized it. When I've realized it, I usually own up to it. It sucks when it happens.",negative,
"Thanan 
Or Nothan. ",neutral,
Only for D.Va,neutral,
Especially if they're doing end of year awards. Every player needs a fair opportunity to put up stats. ,neutral,
"yeah, its 5 seconds",neutral,
"soon we'll have:
hanzo op, nerf bliz pls,
sym op, nerf pls, 
....
....
....
everyone fking op, bliz pls",neutral,
"&gt;the past they promised that every cosmetic would be on the game for free.

Source?",neutral,
She could a be a doomfist counter! His ult IS “meteor strike”....,neutral,
"Yes, Bastion is countered rather easily. BUT, this is typical of Defense heroes. They are infinitely more scary than Offense heroes in certain situations, but much more niche. Tracer, Soldier, McCree, can all be played to decent effect on most maps. Bastion, Torb, Mei all have a more difficult time.

Junkrat's tire is even better at ""attack"" after the buff, because better speed and infinite wallclimb. But if you think back to launch Junkrat, his kit was pretty much all defensive: tire, to be used from a safe position and best used to get a pick on an advancing team; his mine best used with trap OR to escape. It was not until after his buff that he became this weird Offense Defense mishmash",neutral,
"waow, gj on that 3d model",neutral,
"I wasn't racist, just curious.....",neutral,
pressed f9 while potg was playing,neutral,
I require healing.,neutral,
What I really mean - Moira Main [deleted],neutral,
"If E doesn't work, consider shift (so you can pinkie it).  There's also scrollwheel click, though it's hard to manipulate that and hold M1 or M2 at the same time.

Pro eDPIs (sens*DPI) go from like 2000-10000, with most in the 4000-6000 range.  So I'd start at like 5 or 6 with 800DPI and make your own adjustments for comfort once you get into a more arm-intensive aim regime.",neutral,
Tracer fails to move away from her own ult,neutral,
"There is an extremely big difference. Those shoes or shirts or hats whatever they're going to buy, they have a specific amount of quality to them and more meaning/can build up in value depending on the product. 

 the skins in overwatch are basically the basic common skins you can get for 75 coins but they just have a logo on them now minus 2 of the teams.",neutral,
*Enter Mei*,neutral,
When you look at his abilities in hero info most of them show dvas abilities instead. ,neutral,
"I've heard a thousand Smurfs say ""ok I'm playing (main) because I really don't want to lose.

I have two thousand hours so 1000 smurf claim is an exaggeration ...but still, I've heard it a LOT.  how many times does it happen without them telling people in chat?",neutral,
i mean it was a team kill... just wasnt a solo team wipe,neutral,
You can say this about every character in the game,neutral,
There is a Vishkar-uniformed guy at Talon meeting in origin video.,neutral,
"I mean, if you play comp long enough, you'll get one eventually.",neutral,
"The current theory is that those loot boxes are for the glitch during Wrecking Ball release where instead of new WB stuff, you got duplicates. ",neutral,
Capped HLC point in comp as five supports and one Roadhog and the chat went nuts,neutral,
I did answer your question. Mercy Rezing an entire team was easier than wiping an entire team.  There you have it.,neutral,
"turn off Game mode, turn off antivirus, open up task manager to see if it's the game at 100 or everything combined at 100.

full screen, full screen window mode. there's a bunch of settings that could be the problem. 

it could be just overheating because the laptop needs to be cleaned.",neutral,
Event player icons not in Lootboxes? [deleted],neutral,
winston was less of a utility question and more of a curiosity question ,neutral,
Made a montage a while back (Still new to editing),neutral,
"Who would win: A team of professional combat specialists utilizing sophisticated teleportation technology, or one edgy beyblade?",neutral,
"While I understand references exist in the game, those tend to be to something more culturally ingrained and have been around for a long time.  Why WOULD Orisa say 'don't freeze'?",neutral,
ESPN 8 The Ocho!,neutral,
"- Yes, even with the nerfs he is still very powerful in the meta.

- I definitely don't.  As OP as Storm Arrows can be they still require far more skill than Scatter, and no ability should be able to one-shot a Tank.",neutral,
so would you go back to mercy's old ult or heavily nerf her current ult so she is not a must pick?,neutral,
You can spray on payload maps as well.,neutral,
Doomfist's real identity,neutral,
"If you've seen traffic lately on King, yeah just like Kings Row",neutral,
gotta do what ya' gotta do.,neutral,
Pumpkin McCree [deleted],neutral,
Bear in mind that Blizzard explicitly lowered Roll's cooldown in the most recent update so it could more reliably used as a movement ability.,neutral,
"solution: let zen float upward like pharah

give him 2 resource bars, one that fills as he heals teammates, one that fills as discord applies extra damage

floating costs both bars equally (theme of balance)

both bars fill rapidly when ulting, allowing zen to reach more teammates",neutral,
Well if it's at the very beginning of the game you only have 10 seconds to rejoin which is impossible because the time to load will take like 30 seconds well at least on console but once a minute has passed after the match starts yes you will be given time to rejoin but sometimes if you get a defeat it can sometimes suspend you for it,neutral,
The hook was an unavoidable OHKO as a newbie ,neutral,
"Dallas is the only other team with an 0-4 standing. Your remark ""at least they can expect it"" kind of felt like it had an underlying ""what's Fuel's excuse""... But I guess I took the reason you said it to be that they're the worst team in the league, while your point was that Seoul is the best team in the league.",neutral,
curious why people think it's called an alt (altimate?) it's ult (ultimate),neutral,
"It definitely is easier, and I can tell you why Uprising is harder in one word - Bastion.

I mean, let’s ignore that he can murder you in less that a second on Hard mode. A tank form one comes up BEHIND YOU while you’re fighting the OR14s. ",neutral,
"Don't know how I'd feel about that. But at least, I'd like it more than hard bread.",neutral,
Support the Rein. ,neutral,
"So she gets a spot every single event, even double because she doesn't get skins you like?",neutral,
Same. I only play him when going support and I still have a pretty solid idea when they are fully healed just by the sound. ,neutral,
Is it really that long? It’s on a consistent schedule and they put a massive amount of work into each hero. ,neutral,
"C U N T  
C U M  
C L I N T  
A I N T  
You can even count the first letter as an 'F' if you count the Junkrat standing up.  

",neutral,
"Ana's Healing should be faster. i see tons of post about Ana these days yet i haven't seen anyone talking about her Healing speed

as you guys know Ana's dart apply a hot you don't receive the full Healing when you're shot

if the Healing was faster then she could react to burst and that would buff her against specific comps.

either that or let the grenade go trough shield

i am pretty sure one of these 2 could be more then enough to allow her to comeback in the meta.",neutral,
"Zen identifies as male I've heard, can anyone confirm?",neutral,
"I never said it would. Infact I explicitly pointed out it had to be line of sight.

&gt;Nonetheless, it's like having a los radar,",neutral,
When the cards come up at the end the healing amount is less important than the percentage of damage taken. Because in a short game you could only get 5k healing but that could be over 40&amp;#37; of the damage taken which means for the duration of the game you were doing a lot of healing. On the other hand over a long game it's not difficult to get over 10k healing and 29&amp;#37; which means you were not healing as effectively as you could have been. So always check the percentage ,neutral,
1.4 GB PTR Update? [removed],neutral,
*pouts in console*,neutral,
Insane POTG - Just Wait For It! [deleted],neutral,
When you trust your team and they trust you,positive,
Or imagine you really love the inner intricacies and mechanics of the game coupled with a massive desire to see just how good you can become. The competitive desire is a big cultural difference that puts Korea so far above other countries.,positive,
"Having tried it out just to see what it's like, I was impressed by the global toxicity of the community which is next level compared to OW. But even with the amount of time you get asked to kill yourself, in Blind Pick (no fixed roles while queued), everyone calls out the position he wants to play and people respect it.
If people would agree to that kind of thing in OW, that would be awesome !",positive,
Indeed. Memes never die!,positive,
"Aaaahhhh, so cute!",positive,
Look at all the work that golden gun put in. ,positive,
I totally would too but it's just one of those things where it's cool to have but I'll never use it unless in mystery heroes. Hawkguy is just the best. but Hanzo? Not so much.,positive,
"Well, I mean, you're not wrong. Rein *is* Rein! ",positive,
"Damn yeah you're right, that was close af though. ",positive,
Awesome boop!,positive,
You can now get epic/legendary dupes during the event. [removed],positive,
"Thank you! Lucio is a little lower down, only because I haven't thought of a clever way to showcase his abilities. Definitely something for Sound Barrier though. I'm trying to avoid modeling everyone's weapons, but it'll probably be a necessity for some of these!",positive,
"Back in his day, people respected their elders! Also, the payload delivered itself instantly, regardless of what Uprising tells us!",positive,
welcome to overwatch,positive,
"eh, I disagree. I think he's in a good place. The mine nerf was perfect IMO. ",positive,
Bring me another BEER,positive,
Nothing beats a mine jump + mine + melee finish on a Pharah to reach new levels of tilt. I thrive on it.,positive,
"That's my favorite thing about language, how phrases and puns work. They don't really make as much sense if you translate them, so learning the language is basically the only way to appreciate such things.",positive,
"I mean, Rose is also an Epic skin.

And that shit is amazing.",positive,
"**OMG I WAS THE 10,000 Updoot! i feel so blessed!**

i just wanna thank my mom, and papa jeff, and all our moms, miss angela ziegler, thanks everyone!!",positive,
"KOREAN ENGINEERING IS THE BEST IN ZA WORLDU 

Rip our glorious ancient Aztec gods of fitness :(",positive,
"Coming back after months (since before the summer event, missed some awesome skins :/) i'm seeing all the efforts in game, except Mercy (but we knew that it was coming).

Blizzard is really trying to make everything good right now, the Esports format is awesome and you can easily follow the action (even the viewers count got up as a result), although maybe have some less close colors because as someone with color problems (slight, not exactly colorblind), right now i'm looking at Sweden vs Canada and blue/white is hard to distinguish.

The new healer is awesome.

New basic skins is pretty cool, though we need more *basic* skins, at least for events (Legendary skins are cool, but we need more purple ones now that you get less gold to buy the skins).

There's still a lot of toxicity so that's a bit unfun but i guess that's how it goes in competitive games.

So good job Blizzard, i can't wait to see the Christmas event !",positive,
"the buff we need :D
",positive,
"Huh, I was playing with you on my smurf like just a day ago. Nice shot on the tracer. ",positive,
Nice work!,positive,
"Biggest fails Hello! I wanted to make something with Overwatch fails, and I thought reddit would be a good place to get them. These can include a funny death, kill, etc. Thank you!",positive,
"While I do like the new mercy skin, I feel like the sound effect it makes when healing/damage boosting makes it more easy to locate a enemy mercy/giving away the teams position

Also I kind of wish the damage boost color was pink",positive,
My first POTG in Bronze Comp that I'm proud enough of to share to Overwatch Redditors [deleted],positive,
Wow we went from 0-1 support every game to now 3? This Endorsment system is truly a blessing lmao. ,positive,
wow never really been into watching competitions but watching the gladiators do their thing was mesmerizing asher is my new fave,positive,
I think that you have better luck than me; half of the time my ult doesn't even charge fully xD ,positive,
"I know too well what you mean. And then, in the last seconds, you suddenly win a lost round or lose a won one :D Still I like the mode a lot - it makes me learn new characters. Those I wouldn't pick on competitive or in QP.

I'm surprised that for two whole rounds they haven't even tried to kill me or our Mercy. They would rather focus on Bastion and with two healers he was impossible to kill. But they probably had bad luck with their comp, too. ",positive,
"This is great! Adding this to my song playlist I listen to while I warm up before playing ranked.

Great work on this :)",positive,
"Oh sure, fixate on the word ""upvoted"". You know what I meant, you cantaloupe.

This is the first I've ever heard of this trivia and it's adorable, so I'm glad OP posted it, whether it was godless karma whoring or whether they just learned it and wanted to share.",positive,
Hey thanks man! Totally get what you're saying. Great tips!,positive,
"SO AM I COMRADE, WE MUST STICK TOGETHER IN THESE **[STUNNED]** times.",positive,
"What, exactly, would Rein's purpose be without his shield then? A DPS with a fuckton of health, a huge hitbox, and 0 self protection? Sounds like a great hero to me!

Also, how am I needlessly being a dick in comparison to literally anyone else (including you) who's replied??? ",positive,
Better design than Wrecking Ball.,positive,
Andygmb you are responsible Moira rollouts too? I love you dude,positive,
"Ah, this is brilliant. D.Va is my favourite too. Wish my fiancé would make me this!",positive,
"What's that? I haven't played in a while and it's the first I've seen.

Also it's my first video post, so thanks for the feedback on that",positive,
"while london did play very well I think they have alot of thanking give towards Fissure for all this drama and thus him not playing
LA is a completely different team without him (obcviously)
but ggs to London, can only beat whats in front of you and they did that
",positive,
Will try as soon as I can. Pretty good idea! ,positive,
That's right! Take her with you!!!😂,positive,
"Widow is good, but not for long, McCree is good if youre not being countered, Rein is good rn but you will get stunned a lot and hog is hog, his hook might be different I dont know when hook 2.0 came in of it was before or after you stopped playing",positive,
"I need to try this before the patch drops lol, sounds hilarious.",positive,
Then D.Va got buffed to be what amounts to the hands down best main tank with no competition.,positive,
Kicking the Mcree made me laugh so hard xd,positive,
"Yeah they may be old, but legendary is still legendary haha. My luck has been poop for a while now so three legendary skins in a manner of minutes blew me away. I'm totally going to buy the Sombra skin if I don't get lucky again :P Best of luck to you",positive,
Reaper and Zarya sextuple kill—Smooth healthbar drain is pretty satisfying [deleted],positive,
"Nice find! He also sighs and says, ""I'm not on ice yet"" when respawning, which is delightful. Cool, even.

(For maximum Dad:76, make sure to equip and use ""Stay frosty!"" as your main voiceline.)",positive,
"Yes, I meant that the cards need a rework to give credit where credit is due, ie. Best players or whatever. 

And agreed, finally adding LFG has given this game life again. ",positive,
"Fun fact; in Swedish it's common to add ""-ig"" at the end of a word to make it an adjective. So ""Sombrig"" is kind of like saying Sombr-y? :D",positive,
I appreciate it,positive,
I’ve literally went to my garage to get a working mic and I’ve picked best players that’ll help us win every single match. WHAT IS GOING ON ,positive,
Just a simple Montage :3 *No hate please*,positive,
Soldier is excited for Mario Odyssey,positive,
"Been working on this for the last few hours strictly for fun. I'm the farthest thing from a professional at editing. I had fun making it though and I hope you enjoy it, some of it is way cooler than other parts. But if you like fun gameplay clips thrown together to some music then hopefully you'll enjoy it and I hope it builds up some hype for the casual game",positive,
"Diya has been doing great on Junkrat and I love Undead's Reaper switch and Roadhog play. Any of them. The Reaper won Shanghai dorado though but Zarya might win them this map.


Whatever you want lol",positive,
"will look into that, thanks!",positive,
